{
 "gauss_vf": [
  {
   "integrator": "VegasFlow",
   "adaptive": false,
   "train": true,
   "perc_uncertainty": 0.01,
   "time": 4.132488012313843,
   "iter": 1,
   "samples/iter": 1000000,
   "result": "1.000184468447351 +/- 0.0007368937431625938",
   "rtol_reached": 0.0007367578345887735,
   "warmup": 1,
   "local_times": [
    0.06909608840942383
   ],
   "avg_time_per_iteration": 0.06909608840942383,
   "total_iteration_time": 0.06909608840942383,
   "warmup_time": 4.063391923904419
  },
  {
   "integrator": "VegasFlow",
   "adaptive": false,
   "train": true,
   "perc_uncertainty": 0.001,
   "time": 4.113987445831299,
   "iter": 1,
   "samples/iter": 1000000,
   "result": "1.001118101442004 +/- 0.0007259343473121033",
   "rtol_reached": 0.000725123585585429,
   "warmup": 1,
   "local_times": [
    0.06998014450073242
   ],
   "avg_time_per_iteration": 0.06998014450073242,
   "total_iteration_time": 0.06998014450073242,
   "warmup_time": 4.044007301330566
  },
  {
   "integrator": "VegasFlow",
   "adaptive": false,
   "train": true,
   "perc_uncertainty": 0.0001,
   "time": 5.152822256088257,
   "iter": 54,
   "samples/iter": 1000000,
   "result": "0.9999334716194506 +/- 9.978405296955636e-05",
   "rtol_reached": 9.979069188268123e-05,
   "warmup": 1,
   "local_times": [
    0.06926298141479492,
    0.010511159896850586,
    0.010776281356811523,
    0.01112675666809082,
    0.011031866073608398,
    0.011049032211303711,
    0.011178255081176758,
    0.011120319366455078,
    0.011052370071411133,
    0.010921001434326172,
    0.011155366897583008,
    0.011198997497558594,
    0.010898590087890625,
    0.011082649230957031,
    0.011057853698730469,
    0.011131763458251953,
    0.010761022567749023,
    0.010899782180786133,
    0.011056661605834961,
    0.011111021041870117,
    0.011172771453857422,
    0.011048555374145508,
    0.011096954345703125,
    0.011225700378417969,
    0.011142253875732422,
    0.01114511489868164,
    0.010885477066040039,
    0.010818243026733398,
    0.01053619384765625,
    0.010382890701293945,
    0.01023101806640625,
    0.010202646255493164,
    0.010169744491577148,
    0.010488033294677734,
    0.010572433471679688,
    0.010436773300170898,
    0.010384798049926758,
    0.010134220123291016,
    0.010278463363647461,
    0.010108470916748047,
    0.010062456130981445,
    0.010066032409667969,
    0.010149717330932617,
    0.010098457336425781,
    0.010027647018432617,
    0.009926795959472656,
    0.010189533233642578,
    0.010173320770263672,
    0.010038375854492188,
    0.00997161865234375,
    0.00989675521850586,
    0.010051965713500977,
    0.009947061538696289,
    0.00987863540649414
   ],
   "avg_time_per_iteration": 0.011691164087366175,
   "total_iteration_time": 0.6313228607177734,
   "warmup_time": 4.521499395370483
  },
  {
   "integrator": "VegasFlowPlus",
   "adaptive": false,
   "train": true,
   "perc_uncertainty": 0.01,
   "time": 3.895087718963623,
   "iter": 1,
   "samples/iter": 1000000,
   "result": "0.9995455577407878 +/- 0.0007352689278581399",
   "rtol_reached": 0.000735603217045978,
   "warmup": 1,
   "local_times": [
    0.09259366989135742
   ],
   "avg_time_per_iteration": 0.09259366989135742,
   "total_iteration_time": 0.09259366989135742,
   "warmup_time": 3.8024940490722656
  },
  {
   "integrator": "VegasFlowPlus",
   "adaptive": false,
   "train": true,
   "perc_uncertainty": 0.001,
   "time": 3.808411121368408,
   "iter": 1,
   "samples/iter": 1000000,
   "result": "0.9998698083336718 +/- 0.0007152577145323177",
   "rtol_reached": 0.0007153508472511306,
   "warmup": 1,
   "local_times": [
    0.09429311752319336
   ],
   "avg_time_per_iteration": 0.09429311752319336,
   "total_iteration_time": 0.09429311752319336,
   "warmup_time": 3.714118003845215
  },
  {
   "integrator": "VegasFlowPlus",
   "adaptive": false,
   "train": true,
   "perc_uncertainty": 0.0001,
   "time": 5.189378023147583,
   "iter": 53,
   "samples/iter": 1000000,
   "result": "0.9998947997718077 +/- 9.987856333141424e-05",
   "rtol_reached": 9.988907168454937e-05,
   "warmup": 1,
   "local_times": [
    0.09422731399536133,
    0.01709294319152832,
    0.016876935958862305,
    0.017499923706054688,
    0.017027854919433594,
    0.01737523078918457,
    0.017405033111572266,
    0.017436742782592773,
    0.017074108123779297,
    0.016675472259521484,
    0.017360687255859375,
    0.017038822174072266,
    0.01752448081970215,
    0.017365694046020508,
    0.01744246482849121,
    0.016785144805908203,
    0.01665210723876953,
    0.016496658325195312,
    0.017155170440673828,
    0.016902685165405273,
    0.017231225967407227,
    0.016295909881591797,
    0.017537355422973633,
    0.01724076271057129,
    0.017406940460205078,
    0.01677846908569336,
    0.017474651336669922,
    0.016767501831054688,
    0.016945600509643555,
    0.017042160034179688,
    0.01681804656982422,
    0.017430782318115234,
    0.017344951629638672,
    0.016984939575195312,
    0.017158031463623047,
    0.017090559005737305,
    0.01749873161315918,
    0.017256736755371094,
    0.017375707626342773,
    0.01755380630493164,
    0.01732635498046875,
    0.01724529266357422,
    0.017104625701904297,
    0.01716780662536621,
    0.016776084899902344,
    0.017233610153198242,
    0.017189502716064453,
    0.0170595645904541,
    0.017039775848388672,
    0.016368627548217773,
    0.016966819763183594,
    0.0164947509765625,
    0.017063617706298828
   ],
   "avg_time_per_iteration": 0.018560090154971717,
   "total_iteration_time": 0.983684778213501,
   "warmup_time": 4.205693244934082
  }
 ],
 "gauss_vf1": [
  {
   "integrator": "VegasFlowPlus",
   "adaptive": true,
   "train": true,
   "perc_uncertainty": 0.01,
   "time": 6.549551725387573,
   "iter": 1,
   "samples/iter": 1000000,
   "result": "1.0000252550320663 +/- 0.0010166649741921228",
   "rtol_reached": 0.0010166392989340283,
   "warmup": 1,
   "local_times": [
    0.07541561126708984
   ],
   "avg_time_per_iteration": 0.07541561126708984,
   "total_iteration_time": 0.07541561126708984,
   "warmup_time": 6.474136114120483
  },
  {
   "integrator": "VegasFlowPlus",
   "adaptive": true,
   "train": true,
   "perc_uncertainty": 0.001,
   "time": 6.79852032661438,
   "iter": 2,
   "samples/iter": 1000000,
   "result": "0.999091760388821 +/- 0.0007115662838057193",
   "rtol_reached": 0.0007122131439946976,
   "warmup": 1,
   "local_times": [
    0.07364177703857422,
    0.011673688888549805
   ],
   "avg_time_per_iteration": 0.04265773296356201,
   "total_iteration_time": 0.08531546592712402,
   "warmup_time": 6.713204860687256
  },
  {
   "integrator": "VegasFlowPlus",
   "adaptive": true,
   "train": true,
   "perc_uncertainty": 0.0001,
   "time": 10.791512489318848,
   "iter": 100,
   "samples/iter": 1000000,
   "result": "1.000164839657774 +/- 9.990894677876641e-05",
   "rtol_reached": 9.989248053646058e-05,
   "warmup": 1,