{
 "gauss_vf": [
  {
   "integrator": "VegasFlow",
   "adaptive": false,
   "train": true,
   "perc_uncertainty": 0.01,
   "time": 3.461106300354004,
   "iter": 1,
   "samples/iter": 1000000,
   "result": "1.0001972705685493 +/- 0.00048118531813069623",
   "rtol_reached": 0.0004810904131513702,
   "warmup": 1,
   "local_times": [
    0.06748723983764648
   ],
   "avg_time_per_iteration": 0.06748723983764648,
   "total_iteration_time": 0.06748723983764648,
   "warmup_time": 3.3936190605163574
  },
  {
   "integrator": "VegasFlow",
   "adaptive": false,
   "train": true,
   "perc_uncertainty": 0.001,
   "time": 3.4450809955596924,
   "iter": 1,
   "samples/iter": 1000000,
   "result": "0.9995372506122397 +/- 0.0004821035103429619",
   "rtol_reached": 0.0004823267067312022,
   "warmup": 1,
   "local_times": [
    0.06684231758117676
   ],
   "avg_time_per_iteration": 0.06684231758117676,
   "total_iteration_time": 0.06684231758117676,
   "warmup_time": 3.3782386779785156
  },
  {
   "integrator": "VegasFlow",
   "adaptive": false,
   "train": true,
   "perc_uncertainty": 0.0001,
   "time": 3.713172674179077,
   "iter": 24,
   "samples/iter": 1000000,
   "result": "1.0001152299100486 +/- 9.83266109309065e-05",
   "rtol_reached": 9.831528206979719e-05,
   "warmup": 1,
   "local_times": [
    0.06412911415100098,
    0.0061032772064208984,
    0.0060880184173583984,
    0.0063169002532958984,
    0.006545543670654297,
    0.0067822933197021484,
    0.0070648193359375,
    0.007100582122802734,
    0.007158517837524414,
    0.007150888442993164,
    0.007063388824462891,
    0.007126331329345703,
    0.007215023040771484,
    0.007124900817871094,
    0.0069620609283447266,
    0.006871223449707031,
    0.006825923919677734,
    0.007171154022216797,
    0.006954193115234375,
    0.006727933883666992,
    0.006949663162231445,
    0.007124662399291992,
    0.0066986083984375,
    0.00700831413269043
   ],
   "avg_time_per_iteration": 0.009260972340901693,
   "total_iteration_time": 0.22226333618164062,
   "warmup_time": 3.4909093379974365
  },
  {
   "integrator": "VegasFlowPlus",
   "adaptive": false,
   "train": true,
   "perc_uncertainty": 0.01,
   "time": 3.3689069747924805,
   "iter": 1,
   "samples/iter": 1000000,
   "result": "0.9996317667437437 +/- 0.0004692330727078609",
   "rtol_reached": 0.0004694059235796066,
   "warmup": 1,
   "local_times": [
    0.0873270034790039
   ],
   "avg_time_per_iteration": 0.0873270034790039,
   "total_iteration_time": 0.0873270034790039,
   "warmup_time": 3.2815799713134766
  },
  {
   "integrator": "VegasFlowPlus",
   "adaptive": false,
   "train": true,
   "perc_uncertainty": 0.001,
   "time": 3.378514289855957,
   "iter": 1,
   "samples/iter": 1000000,
   "result": "0.9995594021069621 +/- 0.00046935194233366673",
   "rtol_reached": 0.00046955882896436576,
   "warmup": 1,
   "local_times": [
    0.08966374397277832
   ],
   "avg_time_per_iteration": 0.08966374397277832,
   "total_iteration_time": 0.08966374397277832,
   "warmup_time": 3.2888505458831787
  },
  {
   "integrator": "VegasFlowPlus",
   "adaptive": false,
   "train": true,
   "perc_uncertainty": 0.0001,
   "time": 3.6577346324920654,
   "iter": 23,
   "samples/iter": 1000000,
   "result": "0.9998857594841528 +/- 9.817773038899784e-05",
   "rtol_reached": 9.818894754501587e-05,
   "warmup": 1,
   "local_times": [
    0.08681082725524902,
    0.010465860366821289,
    0.011208534240722656,
    0.010934829711914062,
    0.011563539505004883,
    0.011541128158569336,
    0.011604070663452148,
    0.01118159294128418,
    0.011358261108398438,
    0.011458873748779297,
    0.01078939437866211,
    0.011135339736938477,
    0.011232852935791016,
    0.01109623908996582,
    0.010913610458374023,
    0.011057853698730469,
    0.011550664901733398,
    0.011555910110473633,
    0.011126279830932617,
    0.010777711868286133,
    0.010830402374267578,
    0.01112675666809082,
    0.011393308639526367
   ],
   "avg_time_per_iteration": 0.014465819234433382,
   "total_iteration_time": 0.3327138423919678,
   "warmup_time": 3.3250207901000977
  }
 ],
 "gauss_vf1": [
  {
   "integrator": "VegasFlowPlus",
   "adaptive": true,
   "train": true,
   "perc_uncertainty": 0.01,
   "time": 3.4070281982421875,
   "iter": 1,
   "samples/iter": 1000000,
   "result": "0.9989596986568637 +/- 0.0005833276826696289",
   "rtol_reached": 0.000583935151191718,
   "warmup": 1,
   "local_times": [
    0.0743868350982666
   ],
   "avg_time_per_iteration": 0.0743868350982666,
   "total_iteration_time": 0.0743868350982666,
   "warmup_time": 3.332641363143921
  },
  {
   "integrator": "VegasFlowPlus",
   "adaptive": true,
   "train": true,
   "perc_uncertainty": 0.001,
   "time": 3.4196362495422363,
   "iter": 1,
   "samples/iter": 1000000,
   "result": "1.0012514922521438 +/- 0.0005835097528250396",
   "rtol_reached": 0.0005827804076601517,
   "warmup": 1,
   "local_times": [
    0.07449531555175781
   ],
   "avg_time_per_iteration": 0.07449531555175781,
   "total_iteration_time": 0.07449531555175781,
   "warmup_time": 3.3451409339904785
  },
  {
   "integrator": "VegasFlowPlus",
   "adaptive": true,
   "train": true,
   "perc_uncertainty": 0.0001,
   "time": 3.96152925491333,
   "iter": 35,
   "samples/iter": 1000000,
   "result": "0.9999889221638255 +/- 9.891099530526759e-05",
   "rtol_reached": 9.891209103720778e-05,
   "warmup": 1,
   "local_times": [
    0.07260918617248535,
    0.00869607925415039,
    0.008854866027832031,
    0.008936405181884766,
    0.009058237075805664,
    0.009946107864379883,
    0.00988912582397461,
    0.00973820686340332,
    0.009440422058105469,
    0.009763717651367188,
    0.010095596313476562,
    0.00967264175415039,
    0.009473562240600586,
    0.009121417999267578,
    0.009310007095336914,
    0.009124994277954102,
    0.008923530578613281,
    0.009642601013183594,
    0.009015321731567383,
    0.009438514709472656,
    0.009319543838500977,
    0.00900411605834961,
    0.009386062622070312,
    0.009470939636230469,
    0.009280681610107422,
    0.00991678237915039,
    0.009887933731079102,
    0.009366512298583984,
    0.008798599243164062,
    0.008992195129394531,
    0.009419441223144531,
    0.009395360946655273,
    0.009705305099487305,
    0.009317398071289062,
    0.009597063064575195
   ],
   "avg_time_per_iteration": 0.011188813618251256,
   "total_iteration_time": 0.39160847663879395,
   "warmup_time": 3.569920778274536
  },
  {
   "integrator": "VegasFlowPlus",
   "adaptive": true,
   "train": true,
   "perc_uncertainty": 0.01,
   "time": 3.4451913833618164,
   "iter": 1,
   "samples/iter": 1000000,
   "result": "0.9993652754627355 +/- 0.0005815207298485208",
   "rtol_reached": 0.0005818900697537841,
   "warmup": 2,
   "local_times": [
    0.07320904731750488
   ],
   "avg_time_per_iteration": 0.07320904731750488,
   "total_iteration_time": 0.07320904731750488,
   "warmup_time": 3.3719823360443115
  },
  {
   "integrator": "VegasFlowPlus",
   "adaptive": true,
   "train": true,
   "perc_uncertainty": 0.001,
   "time": 3.44447660446167,
   "iter": 1,
   "samples/iter": 1000000,
   "result": "0.9990817814954202 +/- 0.0005798239467889791",
   "rtol_reached": 0.0005803568411798099,
   "warmup": 2,
   "local_times": [
    0.07476258277893066
   ],
   "avg_time_per_iteration": 0.07476258277893066,
   "total_iteration_time": 0.07476258277893066,
   "warmup_time": 3.3697140216827393
  },
  {
   "integrator": "VegasFlowPlus",
   "adaptive": true,
   "train": true,
   "perc_uncertainty": 0.0001,
   "time": 4.0417985916137695,
   "iter": 34,
   "samples/iter": 1000000,
   "result": "0.9999060791777061 +/- 9.988307524883496e-05",
   "rtol_reached": 9.989245723055901e-05,
   "warmup": 2,