{
 "singletop": [
  {
   "integrator": "VegasFlow",
   "adaptive": false,
   "train": true,
   "perc_uncertainty": 0.01,
   "time": 6.090191841125488,
   "iter": 1,
   "samples/iter": 1000000,
   "result": "423.98717842782713 +/- 0.30043161792638784",
   "rtol_reached": 0.0007085865639626377,
   "warmup": 1,
   "local_times": [
    1.0722479820251465
   ],
   "avg_time_per_iteration": 1.0722479820251465,
   "total_iteration_time": 1.0722479820251465,
   "warmup_time": 5.017943859100342
  },
  {
   "integrator": "VegasFlow",
   "adaptive": false,
   "train": true,
   "perc_uncertainty": 0.001,
   "time": 6.12190318107605,
   "iter": 1,
   "samples/iter": 1000000,
   "result": "423.07426378529374 +/- 0.29793875768199235",
   "rtol_reached": 0.0007042233082586973,
   "warmup": 1,
   "local_times": [
    1.0917062759399414
   ],
   "avg_time_per_iteration": 1.0917062759399414,
   "total_iteration_time": 1.0917062759399414,
   "warmup_time": 5.030196905136108
  },
  {
   "integrator": "VegasFlow",
   "adaptive": false,
   "train": true,
   "perc_uncertainty": 0.0001,
   "time": 8.032040357589722,
   "iter": 50,
   "samples/iter": 1000000,
   "result": "423.953648800772 +/- 0.04235523180147836",
   "rtol_reached": 9.99053361641954e-05,
   "warmup": 1,
   "local_times": [
    1.0540719032287598,
    0.02279043197631836,
    0.02289891242980957,
    0.022912025451660156,
    0.023105144500732422,
    0.02284693717956543,
    0.022797346115112305,
    0.022756576538085938,
    0.02232980728149414,
    0.02235245704650879,
    0.022928953170776367,
    0.023104190826416016,
    0.02199268341064453,
    0.02200484275817871,
    0.02257847785949707,
    0.022803068161010742,
    0.023081064224243164,
    0.023045778274536133,
    0.022778749465942383,
    0.02305006980895996,
    0.02211475372314453,
    0.022297143936157227,
    0.022585391998291016,
    0.023027896881103516,
    0.02289438247680664,
    0.02297496795654297,
    0.02258467674255371,
    0.022632837295532227,
    0.022553682327270508,
    0.022608041763305664,
    0.022653818130493164,
    0.02227044105529785,
    0.02141547203063965,
    0.02214527130126953,
    0.022391557693481445,
    0.02145528793334961,
    0.022225618362426758,
    0.022064924240112305,
    0.02196812629699707,
    0.022075653076171875,
    0.02188420295715332,
    0.022302627563476562,
    0.021971940994262695,
    0.02202892303466797,
    0.022107839584350586,
    0.0221097469329834,
    0.021747589111328125,
    0.021925687789916992,
    0.022013425827026367,
    0.021364927291870117
   ],
   "avg_time_per_iteration": 0.04305252552032471,
   "total_iteration_time": 2.1526262760162354,
   "warmup_time": 5.879414081573486
  },
  {
   "integrator": "VegasFlowPlus",
   "adaptive": false,
   "train": true,
   "perc_uncertainty": 0.01,
   "time": 6.235232353210449,
   "iter": 1,
   "samples/iter": 1000000,
   "result": "423.8063011500775 +/- 0.11379001290070488",
   "rtol_reached": 0.00026849533051281785,
   "warmup": 1,
   "local_times": [
    1.111170768737793
   ],
   "avg_time_per_iteration": 1.111170768737793,
   "total_iteration_time": 1.111170768737793,
   "warmup_time": 5.124061584472656
  },
  {
   "integrator": "VegasFlowPlus",
   "adaptive": false,
   "train": true,
   "perc_uncertainty": 0.001,
   "time": 6.3592259883880615,
   "iter": 1,
   "samples/iter": 1000000,
   "result": "424.00599539611966 +/- 0.11532888418682732",
   "rtol_reached": 0.00027199823926801666,
   "warmup": 1,
   "local_times": [
    1.1308293342590332
   ],
   "avg_time_per_iteration": 1.1308293342590332,
   "total_iteration_time": 1.1308293342590332,
   "warmup_time": 5.228396654129028
  },
  {
   "integrator": "VegasFlowPlus",
   "adaptive": false,
   "train": true,
   "perc_uncertainty": 0.0001,
   "time": 6.564745664596558,
   "iter": 9,
   "samples/iter": 1000000,
   "result": "423.9053467390603 +/- 0.04106719431911421",
   "rtol_reached": 9.68782173544831e-05,
   "warmup": 1,
   "local_times": [
    1.111307144165039,
    0.03884172439575195,
    0.03833770751953125,
    0.0384218692779541,
    0.03843379020690918,
    0.038605451583862305,
    0.038321733474731445,
    0.03864884376525879,
    0.038364410400390625
   ],
   "avg_time_per_iteration": 0.15769807497660318,
   "total_iteration_time": 1.4192826747894287,
   "warmup_time": 5.145462989807129
  }
 ],
 "singletop1": [
  {
   "integrator": "VegasFlowPlus",
   "adaptive": true,
   "train": true,
   "perc_uncertainty": 0.01,
   "time": 7.463258266448975,
   "iter": 1,
   "samples/iter": 1000000,
   "result": "423.71192973025484 +/- 0.12258547681044916",
   "rtol_reached": 0.0002893132532012729,
   "warmup": 1,
   "local_times": [
    1.1760032176971436
   ],
   "avg_time_per_iteration": 1.1760032176971436,
   "total_iteration_time": 1.1760032176971436,
   "warmup_time": 6.287255048751831
  },
  {
   "integrator": "VegasFlowPlus",
   "adaptive": true,
   "train": true,
   "perc_uncertainty": 0.001,
   "time": 8.968523502349854,
   "iter": 1,
   "samples/iter": 1000000,
   "result": "423.89847511543763 +/- 0.1169773991301837",
   "rtol_reached": 0.0002759561687461319,
   "warmup": 1,
   "local_times": [
    1.2298495769500732
   ],
   "avg_time_per_iteration": 1.2298495769500732,
   "total_iteration_time": 1.2298495769500732,
   "warmup_time": 7.73867392539978
  },
  {
   "integrator": "VegasFlowPlus",
   "adaptive": true,
   "train": true,
   "perc_uncertainty": 0.0001,
   "time": 8.932190418243408,
   "iter": 10,
   "samples/iter": 1000000,
   "result": "423.91477235924634 +/- 0.04120677209957887",
   "rtol_reached": 9.720532235818905e-05,
   "warmup": 1,
   "local_times": [
    1.2082843780517578,
    0.032648563385009766,
    0.03128528594970703,
    0.031203269958496094,
    0.03130745887756348,
    0.032044410705566406,
    0.03071427345275879,
    0.031176328659057617,
    0.03100728988647461,
    0.03194284439086914
   ],
   "avg_time_per_iteration": 0.14916141033172609,
   "total_iteration_time": 1.4916141033172607,
   "warmup_time": 7.4405763149261475
  },
  {
   "integrator": "VegasFlowPlus",
   "adaptive": true,
   "train": true,
   "perc_uncertainty": 0.001,
   "time": 6.912643194198608,
   "iter": 1,
   "samples/iter": 1000000,
   "result": "423.7099044003687 +/- 0.1269807072413026",
   "rtol_reached": 0.00029968784284380796,
   "warmup": 2,
   "local_times": [
    0.4288606643676758
   ],
   "avg_time_per_iteration": 0.4288606643676758,
   "total_iteration_time": 0.4288606643676758,
   "warmup_time": 6.483782529830933
  },
  {
   "integrator": "VegasFlowPlus",
   "adaptive": true,
   "train": true,
   "perc_uncertainty": 0.01,
   "time": 7.726912975311279,
   "iter": 1,
   "samples/iter": 1000000,
   "result": "423.80945588449464 +/- 0.12420210673242403",
   "rtol_reached": 0.00029306119768661833,
   "warmup": 2,
   "local_times": [
    0.4255344867706299
   ],
   "avg_time_per_iteration": 0.4255344867706299,
   "total_iteration_time": 0.4255344867706299,
   "warmup_time": 7.301378488540649
  },
  {
   "integrator": "VegasFlowPlus",
   "adaptive": true,
   "train": true,
   "perc_uncertainty": 0.0001,
   "time": 8.523308753967285,
   "iter": 7,
   "samples/iter": 1000000,
   "result": "423.91444038890484 +/- 0.03964877725614472",
   "rtol_reached": 9.353014070426663e-05,
   "warmup": 2,
   "local_times": [
    0.41928791999816895,
    0.03824472427368164,
    0.03723907470703125,
    0.03775811195373535,
    0.036641836166381836,
    0.037996768951416016,
    0.0379638671875
   ],
   "avg_time_per_iteration": 0.09216175760541644,
   "total_iteration_time": 0.645132303237915,
   "warmup_time": 7.87817645072937
  }
 ]
}