{
 "singletop": [
  {
   "integrator": "VegasFlow",
   "adaptive": false,
   "train": true,
   "perc_uncertainty": 0.01,
   "time": 15.895560503005981,
   "iter": 1,
   "samples/iter": 1000000,
   "result": "423.4956793703327 +/- 0.29925950184204547",
   "rtol_reached": 0.0007066412160024733,
   "warmup": 1,
   "local_times": [
    2.607903242111206
   ],
   "avg_time_per_iteration": 2.607903242111206,
   "total_iteration_time": 2.607903242111206,
   "warmup_time": 13.287657260894775
  },
  {
   "integrator": "VegasFlow",
   "adaptive": false,
   "train": true,
   "perc_uncertainty": 0.001,
   "time": 16.500557899475098,
   "iter": 1,
   "samples/iter": 1000000,
   "result": "423.5686892071421 +/- 0.29887567492181455",
   "rtol_reached": 0.0007056132394518245,
   "warmup": 1,
   "local_times": [
    3.3641645908355713
   ],
   "avg_time_per_iteration": 3.3641645908355713,
   "total_iteration_time": 3.3641645908355713,
   "warmup_time": 13.136393308639526
  },
  {
   "integrator": "VegasFlow",
   "adaptive": false,
   "train": true,
   "perc_uncertainty": 0.0001,
   "time": 20.377225399017334,
   "iter": 50,
   "samples/iter": 1000000,
   "result": "423.9416242485198 +/- 0.0423471579691028",
   "rtol_reached": 9.988912516945582e-05,
   "warmup": 1,
   "local_times": [
    2.561993360519409,
    0.027426481246948242,
    0.027085304260253906,
    0.027245521545410156,
    0.027210712432861328,
    0.02731156349182129,
    0.02598428726196289,
    0.025485992431640625,
    0.02541327476501465,
    0.025452852249145508,
    0.025611400604248047,
    0.0252993106842041,
    0.02534651756286621,
    0.025487422943115234,
    0.025345325469970703,
    0.025431394577026367,
    0.025463104248046875,
    0.02554011344909668,
    0.025577306747436523,
    0.025527000427246094,
    0.025518417358398438,
    0.02542257308959961,
    0.025439023971557617,
    0.02549290657043457,
    0.025596141815185547,
    0.025562763214111328,
    0.025417089462280273,
    0.02546548843383789,
    0.025554180145263672,
    0.025543212890625,
    0.02552509307861328,
    0.02555227279663086,
    0.025464773178100586,
    0.025475740432739258,
    0.02556467056274414,
    0.02563023567199707,
    0.025638580322265625,
    0.025518417358398438,
    0.025405406951904297,
    0.02561163902282715,
    0.025439739227294922,
    0.02544116973876953,
    0.02553558349609375,
    0.025519847869873047,
    0.02585148811340332,
    0.02544999122619629,
    0.025622844696044922,
    0.02550506591796875,
    0.025485992431640625,
    0.025724411010742188
   ],
   "avg_time_per_iteration": 0.07642426013946534,
   "total_iteration_time": 3.8212130069732666,
   "warmup_time": 16.556012392044067
  },
  {
   "integrator": "VegasFlowPlus",
   "adaptive": false,
   "train": true,
   "perc_uncertainty": 0.01,
   "time": 16.64876389503479,
   "iter": 1,
   "samples/iter": 1000000,
   "result": "423.7241971390187 +/- 0.12891674308025508",
   "rtol_reached": 0.0003042468283631182,
   "warmup": 1,
   "local_times": [
    2.830317258834839
   ],
   "avg_time_per_iteration": 2.830317258834839,
   "total_iteration_time": 2.830317258834839,
   "warmup_time": 13.818446636199951
  },
  {
   "integrator": "VegasFlowPlus",
   "adaptive": false,
   "train": true,
   "perc_uncertainty": 0.001,
   "time": 18.48801612854004,
   "iter": 1,
   "samples/iter": 1000000,
   "result": "423.88423825692695 +/- 0.11632684525159326",
   "rtol_reached": 0.0002744306929881281,
   "warmup": 1,
   "local_times": [
    3.5619747638702393
   ],
   "avg_time_per_iteration": 3.5619747638702393,
   "total_iteration_time": 3.5619747638702393,
   "warmup_time": 14.9260413646698
  },
  {
   "integrator": "VegasFlowPlus",
   "adaptive": false,
   "train": true,
   "perc_uncertainty": 0.0001,
   "time": 18.84526515007019,
   "iter": 9,
   "samples/iter": 1000000,
   "result": "423.877521567813 +/- 0.04054377999356541",
   "rtol_reached": 9.564975241811476e-05,
   "warmup": 1,
   "local_times": [
    3.4954512119293213,
    0.04366111755371094,
    0.04359841346740723,
    0.042478084564208984,
    0.042259931564331055,
    0.04222226142883301,
    0.042317867279052734,
    0.04209589958190918,
    0.04187202453613281
   ],
   "avg_time_per_iteration": 0.4262174235449897,
   "total_iteration_time": 3.8359568119049072,
   "warmup_time": 15.009308338165283
  }
 ],
 "singletop1": [
  {
   "integrator": "VegasFlowPlus",
   "adaptive": true,
   "train": true,
   "perc_uncertainty": 0.01,
   "time": 27.999180555343628,
   "iter": 1,
   "samples/iter": 1000000,
   "result": "423.8114617623496 +/- 0.11661678123014509",
   "rtol_reached": 0.00027516193343430013,
   "warmup": 1,
   "local_times": [
    3.0784876346588135
   ],
   "avg_time_per_iteration": 3.0784876346588135,
   "total_iteration_time": 3.0784876346588135,
   "warmup_time": 24.920692920684814
  },
  {
   "integrator": "VegasFlowPlus",
   "adaptive": true,
   "train": true,
   "perc_uncertainty": 0.001,
   "time": 23.93241047859192,
   "iter": 1,
   "samples/iter": 1000000,
   "result": "423.7659605426983 +/- 0.11736393461313485",
   "rtol_reached": 0.0002769546059405811,
   "warmup": 1,
   "local_times": [
    3.055790662765503
   ],
   "avg_time_per_iteration": 3.055790662765503,
   "total_iteration_time": 3.055790662765503,
   "warmup_time": 20.876619815826416
  },
  {
   "integrator": "VegasFlowPlus",
   "adaptive": true,
   "train": true,
   "perc_uncertainty": 0.0001,
   "time": 19.605385303497314,
   "iter": 9,
   "samples/iter": 1000000,
   "result": "423.927878823455 +/- 0.04053814298135356",
   "rtol_reached": 9.562509333866126e-05,
   "warmup": 1,
   "local_times": [
    2.4958887100219727,
    0.03384995460510254,
    0.03405427932739258,
    0.033907413482666016,
    0.03374195098876953,
    0.03369545936584473,
    0.03340506553649902,
    0.03353691101074219,
    0.03255963325500488
   ],
   "avg_time_per_iteration": 0.30718215306599933,
   "total_iteration_time": 2.764639377593994,
   "warmup_time": 16.84074592590332
  },
  {
   "integrator": "VegasFlowPlus",
   "adaptive": true,
   "train": true,
   "perc_uncertainty": 0.01,
   "time": 23.564595222473145,
   "iter": 1,
   "samples/iter": 1000000,
   "result": "423.7450710804475 +/- 0.12088463633136293",
   "rtol_reached": 0.00028527679631325584,
   "warmup": 2,
   "local_times": [
    1.1902406215667725
   ],
   "avg_time_per_iteration": 1.1902406215667725,
   "total_iteration_time": 1.1902406215667725,
   "warmup_time": 22.374354600906372
  },
  {
   "integrator": "VegasFlowPlus",
   "adaptive": true,
   "train": true,
   "perc_uncertainty": 0.001,
   "time": 21.000638723373413,
   "iter": 1,
   "samples/iter": 1000000,
   "result": "424.0552639261609 +/- 0.13007587137188759",
   "rtol_reached": 0.0003067427348208492,
   "warmup": 2,
   "local_times": [
    1.3231914043426514
   ],
   "avg_time_per_iteration": 1.3231914043426514,
   "total_iteration_time": 1.3231914043426514,
   "warmup_time": 19.67744731903076
  },
  {
   "integrator": "VegasFlowPlus",
   "adaptive": true,
   "train": true,
   "perc_uncertainty": 0.0001,
   "time": 17.809335231781006,
   "iter": 7,
   "samples/iter": 1000000,
   "result": "424.01182997590905 +/- 0.03944193741927248",
   "rtol_reached": 9.30208419456444e-05,
   "warmup": 2,
   "local_times": [
    1.3486578464508057,
    0.038194894790649414,
    0.037580251693725586,
    0.0381166934967041,
    0.03791213035583496,
    0.039458274841308594,
    0.04036521911621094
   ],
   "avg_time_per_iteration": 0.22575504439217703,
   "total_iteration_time": 1.5802853107452393,
   "warmup_time": 16.229049921035767
  }
 ]
}