{
 "gauss_vf": [
  {
   "integrator": "VegasFlow",
   "adaptive": false,
   "train": true,
   "perc_uncertainty": 0.01,
   "time": 5.491227865219116,
   "iter": 1,
   "samples/iter": 1000000,
   "result": "1.0001040287389042 +/- 0.0007253652161905202",
   "rtol_reached": 0.0007252897652109051,
   "warmup": 1,
   "local_times": [
    0.17582154273986816
   ],
   "avg_time_per_iteration": 0.17582154273986816,
   "total_iteration_time": 0.17582154273986816,
   "warmup_time": 5.315406322479248
  },
  {
   "integrator": "VegasFlow",
   "adaptive": false,
   "train": true,
   "perc_uncertainty": 0.001,
   "time": 5.515140533447266,
   "iter": 1,
   "samples/iter": 1000000,
   "result": "1.0003876149325734 +/- 0.0007246068093618525",
   "rtol_reached": 0.0007243260497689102,
   "warmup": 1,
   "local_times": [
    0.17035460472106934
   ],
   "avg_time_per_iteration": 0.17035460472106934,
   "total_iteration_time": 0.17035460472106934,
   "warmup_time": 5.344785928726196
  },
  {
   "integrator": "VegasFlow",
   "adaptive": false,
   "train": true,
   "perc_uncertainty": 0.0001,
   "time": 11.343450546264648,
   "iter": 51,
   "samples/iter": 1000000,
   "result": "0.9998383289468751 +/- 9.953854910697144e-05",
   "rtol_reached": 9.955464421114453e-05,
   "warmup": 1,
   "local_times": [
    0.176971435546875,
    0.11670517921447754,
    0.1125328540802002,
    0.12176632881164551,
    0.11797237396240234,
    0.11839032173156738,
    0.11485791206359863,
    0.11511707305908203,
    0.11529326438903809,
    0.11563801765441895,
    0.1145176887512207,
    0.1169283390045166,
    0.10851454734802246,
    0.11815404891967773,
    0.11772680282592773,
    0.1175379753112793,
    0.11733150482177734,
    0.11231207847595215,
    0.11686253547668457,
    0.1167905330657959,
    0.11018037796020508,
    0.11786603927612305,
    0.11518406867980957,
    0.11765313148498535,
    0.11813020706176758,
    0.11615967750549316,
    0.11376333236694336,
    0.11324787139892578,
    0.11615633964538574,
    0.11310911178588867,
    0.11625528335571289,
    0.10971784591674805,
    0.11304140090942383,
    0.11562418937683105,
    0.11447381973266602,
    0.11313676834106445,
    0.11818695068359375,
    0.11908626556396484,
    0.11677765846252441,
    0.11854004859924316,
    0.11434531211853027,
    0.11530804634094238,
    0.11543822288513184,
    0.11400055885314941,
    0.1167440414428711,
    0.11333179473876953,
    0.11124920845031738,
    0.11478686332702637,
    0.11521434783935547,
    0.1101527214050293,
    0.11703968048095703
   ],
   "avg_time_per_iteration": 0.11658474510791254,
   "total_iteration_time": 5.94582200050354,
   "warmup_time": 5.397628545761108
  },
  {
   "integrator": "VegasFlowPlus",
   "adaptive": false,
   "train": true,
   "perc_uncertainty": 0.01,
   "time": 5.7062461376190186,
   "iter": 1,
   "samples/iter": 1000000,
   "result": "0.9998508374137596 +/- 0.0007306931782221453",
   "rtol_reached": 0.0007308021865663237,
   "warmup": 1,
   "local_times": [
    0.23243069648742676
   ],
   "avg_time_per_iteration": 0.23243069648742676,
   "total_iteration_time": 0.23243069648742676,
   "warmup_time": 5.473815441131592
  },
  {
   "integrator": "VegasFlowPlus",
   "adaptive": false,
   "train": true,
   "perc_uncertainty": 0.001,
   "time": 5.7059009075164795,
   "iter": 1,
   "samples/iter": 1000000,
   "result": "0.9997423728207768 +/- 0.0007188588322766958",
   "rtol_reached": 0.0007190440775741384,
   "warmup": 1,
   "local_times": [
    0.2295217514038086
   ],
   "avg_time_per_iteration": 0.2295217514038086,
   "total_iteration_time": 0.2295217514038086,
   "warmup_time": 5.476379156112671
  },
  {
   "integrator": "VegasFlowPlus",
   "adaptive": false,
   "train": true,
   "perc_uncertainty": 0.0001,
   "time": 13.345746994018555,
   "iter": 53,
   "samples/iter": 1000000,
   "result": "1.0000836057167297 +/- 9.996645796799412e-05",
   "rtol_reached": 9.995810089932548e-05,
   "warmup": 1,
   "local_times": [
    0.2261948585510254,
    0.15661835670471191,
    0.16658735275268555,
    0.15965938568115234,
    0.1476297378540039,
    0.16704010963439941,
    0.16097021102905273,
    0.16955780982971191,
    0.15384125709533691,
    0.1507279872894287,
    0.1486186981201172,
    0.1489391326904297,
    0.1631147861480713,
    0.14104366302490234,
    0.14421319961547852,
    0.14237070083618164,
    0.16028547286987305,
    0.15143227577209473,
    0.14910578727722168,
    0.11863231658935547,
    0.14377951622009277,
    0.14338397979736328,
    0.14163994789123535,
    0.14419293403625488,
    0.15677785873413086,
    0.16305184364318848,
    0.15798616409301758,
    0.157059907913208,
    0.11969518661499023,
    0.1453855037689209,
    0.16301298141479492,
    0.1559889316558838,
    0.15900778770446777,
    0.15212726593017578,
    0.12740612030029297,
    0.1472182273864746,
    0.15951824188232422,
    0.15446877479553223,
    0.1318192481994629,
    0.13425946235656738,
    0.13848638534545898,
    0.1253664493560791,
    0.14292383193969727,
    0.11579179763793945,
    0.14016342163085938,
    0.11976265907287598,
    0.12156844139099121,
    0.1458590030670166,
    0.14349794387817383,
    0.15297794342041016,
    0.13345694541931152,
    0.12257266044616699,
    0.1107478141784668
   ],
   "avg_time_per_iteration": 0.14712336378277474,
   "total_iteration_time": 7.7975382804870605,
   "warmup_time": 5.548208713531494
  }
 ],
 "gauss_vf1": [
  {
   "integrator": "VegasFlowPlus",
   "adaptive": true,
   "train": true,
   "perc_uncertainty": 0.01,
   "time": 6.549780368804932,
   "iter": 1,
   "samples/iter": 1000000,
   "result": "0.9989827062700462 +/- 0.00101400761800513",
   "rtol_reached": 0.001015040212048498,
   "warmup": 1,
   "local_times": [
    0.14398789405822754
   ],
   "avg_time_per_iteration": 0.14398789405822754,
   "total_iteration_time": 0.14398789405822754,
   "warmup_time": 6.405792474746704
  },
  {
   "integrator": "VegasFlowPlus",
   "adaptive": true,
   "train": true,
   "perc_uncertainty": 0.001,
   "time": 6.010096073150635,
   "iter": 1,
   "samples/iter": 1000000,
   "result": "1.0000380808489402 +/- 0.0009982713923211844",
   "rtol_reached": 0.0009982333787466814,
   "warmup": 1,
   "local_times": [
    0.1538681983947754
   ],
   "avg_time_per_iteration": 0.1538681983947754,
   "total_iteration_time": 0.1538681983947754,
   "warmup_time": 5.856227874755859
  },
  {
   "integrator": "VegasFlowPlus",
   "adaptive": true,
   "train": true,
   "perc_uncertainty": 0.0001,
   "time": 15.293961524963379,
   "iter": 100,
   "samples/iter": 1000000,
   "result": "0.9999862229499121 +/- 9.959251216909513e-05",
   "rtol_reached": 9.959388427902729e-05,
   "warmup": 1,