{
 "gauss_vf": [
  {
   "integrator": "VegasFlow",
   "adaptive": false,
   "train": true,
   "perc_uncertainty": 0.01,
   "time": 4.062381029129028,
   "iter": 1,
   "samples/iter": 1000000,
   "result": "1.0001320717292554 +/- 0.000481968114599315",
   "rtol_reached": 0.0004819044686428054,
   "warmup": 1,
   "local_times": [
    0.11439251899719238
   ],
   "avg_time_per_iteration": 0.11439251899719238,
   "total_iteration_time": 0.11439251899719238,
   "warmup_time": 3.947988510131836
  },
  {
   "integrator": "VegasFlow",
   "adaptive": false,
   "train": true,
   "perc_uncertainty": 0.001,
   "time": 4.072059631347656,
   "iter": 1,
   "samples/iter": 1000000,
   "result": "0.9996194753523061 +/- 0.00048342140250055854",
   "rtol_reached": 0.0004836054262850185,
   "warmup": 1,
   "local_times": [
    0.10560154914855957
   ],
   "avg_time_per_iteration": 0.10560154914855957,
   "total_iteration_time": 0.10560154914855957,
   "warmup_time": 3.9664580821990967
  },
  {
   "integrator": "VegasFlow",
   "adaptive": false,
   "train": true,
   "perc_uncertainty": 0.0001,
   "time": 5.085063695907593,
   "iter": 24,
   "samples/iter": 1000000,
   "result": "1.0001431481083112 +/- 9.837038330119158e-05",
   "rtol_reached": 9.835630378236465e-05,
   "warmup": 1,
   "local_times": [
    0.11270642280578613,
    0.05086874961853027,
    0.04750347137451172,
    0.05936312675476074,
    0.05093216896057129,
    0.04171276092529297,
    0.04512739181518555,
    0.044516563415527344,
    0.05113053321838379,
    0.057229042053222656,
    0.05547142028808594,
    0.0477297306060791,
    0.05661892890930176,
    0.04744744300842285,
    0.038602590560913086,
    0.0405573844909668,
    0.04364347457885742,
    0.034781694412231445,
    0.04361557960510254,
    0.028084993362426758,
    0.02772045135498047,
    0.02815699577331543,
    0.027971982955932617,
    0.040787696838378906
   ],
   "avg_time_per_iteration": 0.04676169157028198,
   "total_iteration_time": 1.1222805976867676,
   "warmup_time": 3.962783098220825
  },
  {
   "integrator": "VegasFlowPlus",
   "adaptive": false,
   "train": true,
   "perc_uncertainty": 0.01,
   "time": 4.232287406921387,
   "iter": 1,
   "samples/iter": 1000000,
   "result": "1.0005771743252754 +/- 0.0004723800678113011",
   "rtol_reached": 0.0004721075794376818,
   "warmup": 1,
   "local_times": [
    0.13293075561523438
   ],
   "avg_time_per_iteration": 0.13293075561523438,
   "total_iteration_time": 0.13293075561523438,
   "warmup_time": 4.099356651306152
  },
  {
   "integrator": "VegasFlowPlus",
   "adaptive": false,
   "train": true,
   "perc_uncertainty": 0.001,
   "time": 4.211137771606445,
   "iter": 1,
   "samples/iter": 1000000,
   "result": "0.9994082512111586 +/- 0.00046869889021543856",
   "rtol_reached": 0.0004689764064359422,
   "warmup": 1,
   "local_times": [
    0.1365499496459961
   ],
   "avg_time_per_iteration": 0.1365499496459961,
   "total_iteration_time": 0.1365499496459961,
   "warmup_time": 4.074587821960449
  },
  {
   "integrator": "VegasFlowPlus",
   "adaptive": false,
   "train": true,
   "perc_uncertainty": 0.0001,
   "time": 5.334399700164795,
   "iter": 22,
   "samples/iter": 1000000,
   "result": "1.0001676908041117 +/- 9.989418951475316e-05",
   "rtol_reached": 9.987744098636154e-05,
   "warmup": 1,
   "local_times": [
    0.13647079467773438,
    0.07765483856201172,
    0.06472659111022949,
    0.05153083801269531,
    0.051882028579711914,
    0.05605888366699219,
    0.05616283416748047,
    0.06543231010437012,
    0.05387616157531738,
    0.039991140365600586,
    0.060942888259887695,
    0.04343914985656738,
    0.04630446434020996,
    0.04524374008178711,
    0.04866600036621094,
    0.037857770919799805,
    0.05007624626159668,
    0.0514073371887207,
    0.05568408966064453,
    0.06660890579223633,
    0.051979780197143555,
    0.0480496883392334
   ],
   "avg_time_per_iteration": 0.05727484009482644,
   "total_iteration_time": 1.2600464820861816,
   "warmup_time": 4.074353218078613
  }
 ],
 "gauss_vf1": [
  {
   "integrator": "VegasFlowPlus",
   "adaptive": true,
   "train": true,
   "perc_uncertainty": 0.01,
   "time": 3.719245672225952,
   "iter": 1,
   "samples/iter": 1000000,
   "result": "0.9995588944418224 +/- 0.0005840678892219185",
   "rtol_reached": 0.0005843256385088504,
   "warmup": 1,
   "local_times": [
    0.08363103866577148
   ],
   "avg_time_per_iteration": 0.08363103866577148,
   "total_iteration_time": 0.08363103866577148,
   "warmup_time": 3.6356146335601807
  },
  {
   "integrator": "VegasFlowPlus",
   "adaptive": true,
   "train": true,
   "perc_uncertainty": 0.001,
   "time": 3.8017427921295166,
   "iter": 1,
   "samples/iter": 1000000,
   "result": "0.9993532397356778 +/- 0.0005797396546930914",
   "rtol_reached": 0.0005801148499267673,
   "warmup": 1,
   "local_times": [
    0.10663294792175293
   ],
   "avg_time_per_iteration": 0.10663294792175293,
   "total_iteration_time": 0.10663294792175293,
   "warmup_time": 3.6951098442077637
  },
  {
   "integrator": "VegasFlowPlus",
   "adaptive": true,
   "train": true,
   "perc_uncertainty": 0.0001,
   "time": 4.8092851638793945,
   "iter": 34,
   "samples/iter": 1000000,
   "result": "0.9998585300842803 +/- 9.940677872243762e-05",
   "rtol_reached": 9.942084378082808e-05,
   "warmup": 1,
   "local_times": [
    0.09641909599304199,
    0.031180620193481445,
    0.04797554016113281,
    0.025072813034057617,
    0.02948617935180664,
    0.040709495544433594,
    0.04269146919250488,
    0.02957773208618164,
    0.04311013221740723,
    0.028198719024658203,
    0.03558492660522461,
    0.024024009704589844,
    0.03559541702270508,
    0.03708362579345703,
    0.02756333351135254,
    0.024038076400756836,
    0.02865433692932129,
    0.046064138412475586,
    0.02855706214904785,
    0.03961634635925293,
    0.030151844024658203,
    0.03215360641479492,
    0.02602696418762207,
    0.026358604431152344,
    0.03678560256958008,
    0.03649282455444336,
    0.025910615921020508,
    0.03271746635437012,
    0.03021240234375,
    0.026203393936157227,
    0.026454687118530273,
    0.025859594345092773,
    0.024492740631103516,
    0.03484535217285156
   ],
   "avg_time_per_iteration": 0.033996140255647546,
   "total_iteration_time": 1.1558687686920166,
   "warmup_time": 3.653416395187378
  },
  {
   "integrator": "VegasFlowPlus",
   "adaptive": true,
   "train": true,
   "perc_uncertainty": 0.01,
   "time": 3.7680716514587402,
   "iter": 1,
   "samples/iter": 1000000,
   "result": "1.0000903015954288 +/- 0.0005841026095903364",
   "rtol_reached": 0.0005840498689553598,
   "warmup": 2,
   "local_times": [
    0.11087608337402344
   ],
   "avg_time_per_iteration": 0.11087608337402344,
   "total_iteration_time": 0.11087608337402344,
   "warmup_time": 3.657195568084717
  },
  {
   "integrator": "VegasFlowPlus",
   "adaptive": true,
   "train": true,
   "perc_uncertainty": 0.001,
   "time": 3.727093458175659,
   "iter": 1,
   "samples/iter": 1000000,
   "result": "1.0005160880649877 +/- 0.0005816979865509849",
   "rtol_reached": 0.0005813979340162307,
   "warmup": 2,
   "local_times": [
    0.08993101119995117
   ],
   "avg_time_per_iteration": 0.08993101119995117,
   "total_iteration_time": 0.08993101119995117,
   "warmup_time": 3.637162446975708
  },
  {
   "integrator": "VegasFlowPlus",
   "adaptive": true,
   "train": true,
   "perc_uncertainty": 0.0001,
   "time": 4.747740745544434,
   "iter": 34,
   "samples/iter": 1000000,
   "result": "1.0000888732210935 +/- 9.979919282698864e-05",
   "rtol_reached": 9.97903241394484e-05,
   "warmup": 2,