{
 "pineappl": [
  {
   "integrator": "VegasFlow",
   "adaptive": false,
   "train": true,
   "perc_uncertainty": 0.01,
   "time": 4.127645969390869,
   "iter": 1,
   "samples/iter": 1000000,
   "result": "0.05340129669849734 +/- 4.757364840489794e-05",
   "rtol_reached": 0.0008908706594429311,
   "warmup": 1,
   "local_times": [
    0.14023637771606445
   ],
   "avg_time_per_iteration": 0.14023637771606445,
   "total_iteration_time": 0.14023637771606445,
   "warmup_time": 3.9874095916748047
  },
  {
   "integrator": "VegasFlow",
   "adaptive": false,
   "train": true,
   "perc_uncertainty": 0.001,
   "time": 4.096024990081787,
   "iter": 1,
   "samples/iter": 1000000,
   "result": "0.05336970439190237 +/- 4.80165569106216e-05",
   "rtol_reached": 0.0008996968871708236,
   "warmup": 1,
   "local_times": [
    0.13849282264709473
   ],
   "avg_time_per_iteration": 0.13849282264709473,
   "total_iteration_time": 0.13849282264709473,
   "warmup_time": 3.9575321674346924
  },
  {
   "integrator": "VegasFlow",
   "adaptive": false,
   "train": true,
   "perc_uncertainty": 0.0001,
   "time": 10.04340124130249,
   "iter": 80,
   "samples/iter": 1000000,
   "result": "0.05343428033922958 +/- 5.325588118766696e-06",
   "rtol_reached": 9.966613351872608e-05,
   "warmup": 1,
   "local_times": [
    0.129652738571167,
    0.07368159294128418,
    0.0823218822479248,
    0.07569169998168945,
    0.08833003044128418,
    0.06089162826538086,
    0.0821688175201416,
    0.08111929893493652,
    0.07725667953491211,
    0.06429266929626465,
    0.07340717315673828,
    0.06650304794311523,
    0.06379389762878418,
    0.06505990028381348,
    0.07277989387512207,
    0.07101726531982422,
    0.09109759330749512,
    0.06897759437561035,
    0.07405567169189453,
    0.06707978248596191,
    0.06072282791137695,
    0.07858109474182129,
    0.07056140899658203,
    0.06524491310119629,
    0.08179616928100586,
    0.06865644454956055,
    0.061711788177490234,
    0.07184410095214844,
    0.07213616371154785,
    0.07693243026733398,
    0.08670616149902344,
    0.07787704467773438,
    0.06500387191772461,
    0.07066464424133301,
    0.06887197494506836,
    0.06326866149902344,
    0.06747627258300781,
    0.07294988632202148,
    0.06884980201721191,
    0.07574319839477539,
    0.06074404716491699,
    0.0774843692779541,
    0.07702302932739258,
    0.06616544723510742,
    0.07344865798950195,
    0.0703740119934082,
    0.06907248497009277,
    0.06487250328063965,
    0.08377528190612793,
    0.07404160499572754,
    0.08110332489013672,
    0.08952617645263672,
    0.07150673866271973,
    0.0676121711730957,
    0.0631251335144043,
    0.06739163398742676,
    0.06910514831542969,
    0.06511092185974121,
    0.061769962310791016,
    0.07586169242858887,
    0.08051705360412598,
    0.06883573532104492,
    0.07219791412353516,
    0.06181693077087402,
    0.07176518440246582,
    0.06386351585388184,
    0.0678107738494873,
    0.07179880142211914,
    0.0673983097076416,
    0.06731534004211426,
    0.07266926765441895,
    0.06436538696289062,
    0.060697078704833984,
    0.06885600090026855,
    0.07128620147705078,
    0.07164168357849121,
    0.06306767463684082,
    0.06598997116088867,
    0.0832364559173584,
    0.06195402145385742
   ],
   "avg_time_per_iteration": 0.07201219201087952,
   "total_iteration_time": 5.760975360870361,
   "warmup_time": 4.282425880432129
  },
  {
   "integrator": "VegasFlowPlus",
   "adaptive": false,
   "train": true,
   "perc_uncertainty": 0.01,
   "time": 4.273859977722168,
   "iter": 1,
   "samples/iter": 1000000,
   "result": "0.05345674593621169 +/- 3.288301326975887e-05",
   "rtol_reached": 0.000615133089264303,
   "warmup": 1,
   "local_times": [
    0.15905499458312988
   ],
   "avg_time_per_iteration": 0.15905499458312988,
   "total_iteration_time": 0.15905499458312988,
   "warmup_time": 4.114804983139038
  },
  {
   "integrator": "VegasFlowPlus",
   "adaptive": false,
   "train": true,
   "perc_uncertainty": 0.001,
   "time": 4.29652738571167,
   "iter": 1,
   "samples/iter": 1000000,
   "result": "0.05341744251701752 +/- 3.163568827795339e-05",
   "rtol_reached": 0.0005922351723947662,
   "warmup": 1,
   "local_times": [
    0.17679476737976074
   ],
   "avg_time_per_iteration": 0.17679476737976074,
   "total_iteration_time": 0.17679476737976074,
   "warmup_time": 4.119732618331909
  },
  {
   "integrator": "VegasFlowPlus",
   "adaptive": false,
   "train": true,
   "perc_uncertainty": 0.0001,
   "time": 8.911825895309448,
   "iter": 58,
   "samples/iter": 1000000,
   "result": "0.053422952340157016 +/- 5.30886388157271e-06",
   "rtol_reached": 9.937421368571835e-05,
   "warmup": 1,
   "local_times": [
    0.19599676132202148,
    0.07500720024108887,
    0.08168458938598633,
    0.09558701515197754,
    0.10512590408325195,
    0.07127118110656738,
    0.08804655075073242,
    0.08002471923828125,
    0.08031582832336426,
    0.08746910095214844,
    0.10087776184082031,
    0.08788490295410156,
    0.08127045631408691,
    0.07845926284790039,
    0.06938791275024414,
    0.0749509334564209,
    0.07148432731628418,
    0.08218216896057129,
    0.07826447486877441,
    0.0781407356262207,
    0.06852388381958008,
    0.07883715629577637,
    0.07416105270385742,
    0.0732877254486084,
    0.07307028770446777,
    0.07290387153625488,
    0.06925702095031738,
    0.07540583610534668,
    0.06973075866699219,
    0.0792994499206543,
    0.07220292091369629,
    0.07307195663452148,
    0.0759735107421875,
    0.08530354499816895,
    0.07655668258666992,
    0.07494068145751953,
    0.07048702239990234,
    0.07412481307983398,
    0.0724940299987793,
    0.07511091232299805,
    0.07578706741333008,
    0.07065272331237793,
    0.07302427291870117,
    0.0670313835144043,
    0.07303428649902344,
    0.07488250732421875,
    0.06824064254760742,
    0.07533144950866699,
    0.08319783210754395,
    0.07268309593200684,
    0.08743405342102051,
    0.0760645866394043,
    0.07733440399169922,
    0.07091450691223145,
    0.08057618141174316,
    0.0698540210723877,
    0.07711029052734375,
    0.0750272274017334
   ],
   "avg_time_per_iteration": 0.07924750755573141,
   "total_iteration_time": 4.596355438232422,
   "warmup_time": 4.315470457077026
  }
 ],
 "pineappl1": [
  {
   "integrator": "VegasFlowPlus",
   "adaptive": true,
   "train": true,
   "perc_uncertainty": 0.01,
   "time": 4.055814743041992,
   "iter": 1,
   "samples/iter": 1000000,
   "result": "0.05362143851208234 +/- 0.0001127048591038198",
   "rtol_reached": 0.0021018619088039644,
   "warmup": 1,
   "local_times": [
    0.1876840591430664
   ],
   "avg_time_per_iteration": 0.1876840591430664,
   "total_iteration_time": 0.1876840591430664,
   "warmup_time": 3.868130683898926
  },
  {
   "integrator": "VegasFlowPlus",
   "adaptive": true,
   "train": true,
   "perc_uncertainty": 0.001,
   "time": 4.193905353546143,
   "iter": 2,
   "samples/iter": 1000000,
   "result": "0.053421763984565385 +/- 4.0039461499356736e-05",
   "rtol_reached": 0.0007494971807918012,
   "warmup": 1,
   "local_times": [
    0.1862964630126953,
    0.0910954475402832
   ],
   "avg_time_per_iteration": 0.13869595527648926,
   "total_iteration_time": 0.2773919105529785,
   "warmup_time": 3.916513442993164
  },
  {
   "integrator": "VegasFlowPlus",
   "adaptive": true,
   "train": true,
   "perc_uncertainty": 0.0001,
   "time": 22.800016403198242,
   "iter": 181,
   "samples/iter": 1000000,
   "result": "0.05340646034755097 +/- 5.334292976973296e-06",
   "rtol_reached": 9.988104327191023e-05,
   "warmup": 1,