{
 "singletop": [
  {
   "integrator": "VegasFlow",
   "adaptive": false,
   "train": true,
   "perc_uncertainty": 0.01,
   "time": 9.155846118927002,
   "iter": 1,
   "samples/iter": 1000000,
   "result": "424.1377766782173 +/- 0.3022746460027483",
   "rtol_reached": 0.0007126803190466019,
   "warmup": 1,
   "local_times": [
    1.500218391418457
   ],
   "avg_time_per_iteration": 1.500218391418457,
   "total_iteration_time": 1.500218391418457,
   "warmup_time": 7.655627727508545
  },
  {
   "integrator": "VegasFlow",
   "adaptive": false,
   "train": true,
   "perc_uncertainty": 0.001,
   "time": 9.233409881591797,
   "iter": 1,
   "samples/iter": 1000000,
   "result": "423.8828915734499 +/- 0.29849355653188664",
   "rtol_reached": 0.0007041887334114404,
   "warmup": 1,
   "local_times": [
    1.5649635791778564
   ],
   "avg_time_per_iteration": 1.5649635791778564,
   "total_iteration_time": 1.5649635791778564,
   "warmup_time": 7.66844630241394
  },
  {
   "integrator": "VegasFlow",
   "adaptive": false,
   "train": true,
   "perc_uncertainty": 0.0001,
   "time": 31.401596546173096,
   "iter": 50,
   "samples/iter": 1000000,
   "result": "423.9134875051806 +/- 0.042367557954627225",
   "rtol_reached": 9.994387818129861e-05,
   "warmup": 1,
   "local_times": [
    1.453667163848877,
    0.45758986473083496,
    0.4606328010559082,
    0.4534623622894287,
    0.4977433681488037,
    0.44041919708251953,
    0.4607110023498535,
    0.47335386276245117,
    0.44951367378234863,
    0.43810606002807617,
    0.4332442283630371,
    0.4577515125274658,
    0.43889331817626953,
    0.4525947570800781,
    0.46155261993408203,
    0.44179272651672363,
    0.4446268081665039,
    0.44970703125,
    0.4558541774749756,
    0.4749288558959961,
    0.44840002059936523,
    0.44110608100891113,
    0.44038987159729004,
    0.4366884231567383,
    0.45802927017211914,
    0.4496433734893799,
    0.4503936767578125,
    0.4553651809692383,
    0.468428373336792,
    0.4435443878173828,
    0.45284199714660645,
    0.44983482360839844,
    0.44010496139526367,
    0.4500308036804199,
    0.44568514823913574,
    0.4401986598968506,
    0.46981048583984375,
    0.44821977615356445,
    0.4628260135650635,
    0.4707484245300293,
    0.4577021598815918,
    0.4407036304473877,
    0.4359261989593506,
    0.4395413398742676,
    0.43895936012268066,
    0.44994688034057617,
    0.43993330001831055,
    0.44646358489990234,
    0.4477558135986328,
    0.4628159999847412
   ],
   "avg_time_per_iteration": 0.47156366825103757,
   "total_iteration_time": 23.57818341255188,
   "warmup_time": 7.823413133621216
  },
  {
   "integrator": "VegasFlowPlus",
   "adaptive": false,
   "train": true,
   "perc_uncertainty": 0.01,
   "time": 10.258292198181152,
   "iter": 1,
   "samples/iter": 1000000,
   "result": "424.06653779596513 +/- 0.12191213756758543",
   "rtol_reached": 0.00028748351190643125,
   "warmup": 1,
   "local_times": [
    1.560837984085083
   ],
   "avg_time_per_iteration": 1.560837984085083,
   "total_iteration_time": 1.560837984085083,
   "warmup_time": 8.69745421409607
  },
  {
   "integrator": "VegasFlowPlus",
   "adaptive": false,
   "train": true,
   "perc_uncertainty": 0.001,
   "time": 10.241808891296387,
   "iter": 1,
   "samples/iter": 1000000,
   "result": "423.7790941326794 +/- 0.12055265241849848",
   "rtol_reached": 0.00028447050382517244,
   "warmup": 1,
   "local_times": [
    1.5792148113250732
   ],
   "avg_time_per_iteration": 1.5792148113250732,
   "total_iteration_time": 1.5792148113250732,
   "warmup_time": 8.662594079971313
  },
  {
   "integrator": "VegasFlowPlus",
   "adaptive": false,
   "train": true,
   "perc_uncertainty": 0.0001,
   "time": 13.330903768539429,
   "iter": 8,
   "samples/iter": 1000000,
   "result": "423.89721544233146 +/- 0.04178222958094935",
   "rtol_reached": 9.856688852591332e-05,
   "warmup": 1,
   "local_times": [
    1.5646774768829346,
    0.45903563499450684,
    0.45707249641418457,
    0.4565565586090088,
    0.43978428840637207,
    0.4390087127685547,
    0.449859619140625,
    0.4507145881652832
   ],
   "avg_time_per_iteration": 0.5895886719226837,
   "total_iteration_time": 4.71670937538147,
   "warmup_time": 8.614194393157959
  }
 ],
 "singletop1": [
  {
   "integrator": "VegasFlowPlus",
   "adaptive": true,
   "train": true,
   "perc_uncertainty": 0.01,
   "time": 9.610564708709717,
   "iter": 1,
   "samples/iter": 1000000,
   "result": "423.6443447183506 +/- 0.12328108560522702",
   "rtol_reached": 0.00029100137212308917,
   "warmup": 1,
   "local_times": [
    1.4802393913269043
   ],
   "avg_time_per_iteration": 1.4802393913269043,
   "total_iteration_time": 1.4802393913269043,
   "warmup_time": 8.130325317382812
  },
  {
   "integrator": "VegasFlowPlus",
   "adaptive": true,
   "train": true,
   "perc_uncertainty": 0.001,
   "time": 9.291832208633423,
   "iter": 1,
   "samples/iter": 1000000,
   "result": "424.05024336260783 +/- 0.1244461824502542",
   "rtol_reached": 0.0002934703714904829,
   "warmup": 1,
   "local_times": [
    1.5216565132141113
   ],
   "avg_time_per_iteration": 1.5216565132141113,
   "total_iteration_time": 1.5216565132141113,
   "warmup_time": 7.7701756954193115
  },
  {
   "integrator": "VegasFlowPlus",
   "adaptive": true,
   "train": true,
   "perc_uncertainty": 0.0001,
   "time": 12.390163660049438,
   "iter": 9,
   "samples/iter": 1000000,
   "result": "423.924221058307 +/- 0.04055658597750784",
   "rtol_reached": 9.566942383301481e-05,
   "warmup": 1,
   "local_times": [
    1.464597463607788,
    0.3161792755126953,
    0.30577635765075684,
    0.3110373020172119,
    0.304628849029541,
    0.3013622760772705,
    0.3104414939880371,
    0.30792951583862305,
    0.29979753494262695
   ],
   "avg_time_per_iteration": 0.43575000762939453,
   "total_iteration_time": 3.921750068664551,
   "warmup_time": 8.468413591384888
  },
  {
   "integrator": "VegasFlowPlus",
   "adaptive": true,
   "train": true,
   "perc_uncertainty": 0.01,
   "time": 8.356048345565796,
   "iter": 1,
   "samples/iter": 1000000,
   "result": "423.8905410208328 +/- 0.12033256697863136",
   "rtol_reached": 0.0002838765089894219,
   "warmup": 2,
   "local_times": [
    0.7296345233917236
   ],
   "avg_time_per_iteration": 0.7296345233917236,
   "total_iteration_time": 0.7296345233917236,
   "warmup_time": 7.626413822174072
  },
  {
   "integrator": "VegasFlowPlus",
   "adaptive": true,
   "train": true,
   "perc_uncertainty": 0.001,
   "time": 10.063310861587524,
   "iter": 1,
   "samples/iter": 1000000,
   "result": "423.7471541739963 +/- 0.12032004460693482",
   "rtol_reached": 0.0002839430151253117,
   "warmup": 2,
   "local_times": [
    0.6981618404388428
   ],
   "avg_time_per_iteration": 0.6981618404388428,
   "total_iteration_time": 0.6981618404388428,
   "warmup_time": 9.365149021148682
  },
  {
   "integrator": "VegasFlowPlus",
   "adaptive": true,
   "train": true,
   "perc_uncertainty": 0.0001,
   "time": 10.810004472732544,
   "iter": 7,
   "samples/iter": 1000000,
   "result": "423.91983026553027 +/- 0.04044655402544307",
   "rtol_reached": 9.541085634071093e-05,
   "warmup": 2,
   "local_times": [
    0.7192478179931641,
    0.35600805282592773,
    0.3366358280181885,
    0.3341515064239502,
    0.35061001777648926,
    0.3593428134918213,
    0.33614468574523926
   ],
   "avg_time_per_iteration": 0.39887724603925434,
   "total_iteration_time": 2.7921407222747803,
   "warmup_time": 8.017863750457764
  }
 ]
}